{
  "hash": "45b9552b",
  "configHash": "26174731",
  "lockfileHash": "a523ada3",
  "browserHash": "0f87e3ba",
  "optimized": {
    "@angular/common": {
      "src": "../../../../../../node_modules/@angular/common/fesm2022/common.mjs",
      "file": "@angular_common.js",
      "fileHash": "7e13875e",
      "needsInterop": false
    },
    "@angular/common/http": {
      "src": "../../../../../../node_modules/@angular/common/fesm2022/http.mjs",
      "file": "@angular_common_http.js",
      "fileHash": "5eced289",
      "needsInterop": false
    },
    "@angular/core": {
      "src": "../../../../../../node_modules/@angular/core/fesm2022/core.mjs",
      "file": "@angular_core.js",
      "fileHash": "20c517da",
      "needsInterop": false
    },
    "@angular/forms": {
      "src": "../../../../../../node_modules/@angular/forms/fesm2022/forms.mjs",
      "file": "@angular_forms.js",
      "fileHash": "05fd9598",
      "needsInterop": false
    },
    "@angular/platform-browser": {
      "src": "../../../../../../node_modules/@angular/platform-browser/fesm2022/platform-browser.mjs",
      "file": "@angular_platform-browser.js",
      "fileHash": "e2e1f530",
      "needsInterop": false
    },
    "@angular/platform-server": {
      "src": "../../../../../../node_modules/@angular/platform-server/fesm2022/platform-server.mjs",
      "file": "@angular_platform-server.js",
      "fileHash": "f212a8db",
      "needsInterop": false
    },
    "@angular/router": {
      "src": "../../../../../../node_modules/@angular/router/fesm2022/router.mjs",
      "file": "@angular_router.js",
      "fileHash": "cb1f9481",
      "needsInterop": false
    },
    "jspdf": {
      "src": "../../../../../../node_modules/jspdf/dist/jspdf.es.min.js",
      "file": "jspdf.js",
      "fileHash": "85193bfe",
      "needsInterop": false
    },
    "jspdf-autotable": {
      "src": "../../../../../../node_modules/jspdf-autotable/dist/jspdf.plugin.autotable.js",
      "file": "jspdf-autotable.js",
      "fileHash": "614388a1",
      "needsInterop": true
    },
    "rxjs": {
      "src": "../../../../../../node_modules/rxjs/dist/cjs/index.js",
      "file": "rxjs.js",
      "fileHash": "2267171f",
      "needsInterop": true
    },
    "rxjs/operators": {
      "src": "../../../../../../node_modules/rxjs/dist/cjs/operators/index.js",
      "file": "rxjs_operators.js",
      "fileHash": "1a8f6745",
      "needsInterop": true
    }
  },
  "chunks": {
    "html2canvas.esm-6AQC4PYE": {
      "file": "html2canvas__esm-6AQC4PYE.js"
    },
    "purify.es-XJC3CFR3": {
      "file": "purify__es-XJC3CFR3.js"
    },
    "index.es-JH6QXFQK": {
      "file": "index__es-JH6QXFQK.js"
    },
    "xhr2-7RFA7VS7": {
      "file": "xhr2-7RFA7VS7.js"
    },
    "chunk-IZTWOO2N": {
      "file": "chunk-IZTWOO2N.js"
    },
    "chunk-3IT55GAH": {
      "file": "chunk-3IT55GAH.js"
    },
    "chunk-B3HOX35U": {
      "file": "chunk-B3HOX35U.js"
    },
    "chunk-J63AGCND": {
      "file": "chunk-J63AGCND.js"
    },
    "chunk-6XBEUYON": {
      "file": "chunk-6XBEUYON.js"
    },
    "chunk-NUDONRV2": {
      "file": "chunk-NUDONRV2.js"
    },
    "chunk-TDCWLE5H": {
      "file": "chunk-TDCWLE5H.js"
    },
    "chunk-ND36OVRI": {
      "file": "chunk-ND36OVRI.js"
    },
    "chunk-C7NZEA2C": {
      "file": "chunk-C7NZEA2C.js"
    },
    "chunk-DMBRYCWF": {
      "file": "chunk-DMBRYCWF.js"
    }
  }
}