{
  "usuarios": [
    {
      "id": "1",
      "nombreMercado": "mercado11",
      "cuit": "201234567892",
      "email": "mercado@hotmail.com",
      "password": "123"
    },
    {
      "id": "2",
      "nombreMercado": "mercalito",
      "cuit": "2012322233342",
      "email": "mercalito@hotmail.com",
      "password": "1233"
    },
    {
      "id": "7493",
      "nombreMercado": "ulises",
      "cuit": "20437841706",
      "email": "ulisesfierro16@gmail.com",
      "password": "1234"
    }
  ],
  "productos": [
    {
      "id": "44bf",
      "nombre": "Bimbo Artesano",
      "categoria": "panes",
      "precio": 1500,
      "stock": 7,
      "id_Usuario": "1"
    },
    {
      "id": "13c5",
      "nombre": "cerveza",
      "categoria": "alcohol",
      "precio": 1200,
      "stock": 10,
      "id_Usuario": "1"
    },
    {
      "id": "a87f",
      "nombre": "Coca Cola 1L",
      "categoria": "bebidas",
      "precio": 2500,
      "stock": 11,
      "id_Usuario": "1"
    },
    {
      "id": "9d3e",
      "nombre": "Manzanas",
      "categoria": "frutas",
      "precio": 1000,
      "stock": 20,
      "id_Usuario": "1"
    },
    {
      "id": "54a9",
      "nombre": "Leche Entera",
      "categoria": "lacteos",
      "precio": 1200,
      "stock": 10,
      "id_Usuario": "1"
    },
    {
      "id": "12b7",
      "nombre": "Queso Cheddar",
      "categoria": "lacteos",
      "precio": 2000,
      "stock": 7,
      "id_Usuario": "1"
    },
    {
      "id": "fe8c",
      "nombre": "Aceite de Girasol",
      "categoria": "aceites",
      "precio": 3000,
      "stock": 4,
      "id_Usuario": "1"
    },
    {
      "id": "d321",
      "nombre": "Galletas Oreo",
      "categoria": "snacks",
      "precio": 1100,
      "stock": 15,
      "id_Usuario": "1"
    },
    {
      "id": "b64e",
      "nombre": "Arroz",
      "categoria": "cereales",
      "precio": 1300,
      "stock": 24,
      "id_Usuario": "1"
    },
    {
      "id": "8c2f",
      "nombre": "Pollo Congelado",
      "categoria": "carnes",
      "precio": 6000,
      "stock": 8,
      "id_Usuario": "1"
    },
    {
      "id": "29ff",
      "nombre": "yerba playadito",
      "categoria": "yerba",
      "precio": 1500,
      "stock": 10,
      "id_Usuario": "1"
    }
  ],
  "ventas": [
    {
      "id": "8d16",
      "items": [
        {
          "id": "8c2f",
          "nombre": "Pollo Congelado",
          "precio": 6000,
          "cantidad": 1
        },
        {
          "id": "b64e",
          "nombre": "Arroz",
          "precio": 1300,
          "cantidad": 1
        },
        {
          "id": "d321",
          "nombre": "Galletas Oreo",
          "precio": 1100,
          "cantidad": 2
        },
        {
          "id": "13c5",
          "nombre": "cerveza",
          "precio": 1200,
          "cantidad": 1
        },
        {
          "id": "a87f",
          "nombre": "Coca Cola 1L",
          "precio": 2500,
          "cantidad": 1
        }
      ],
      "total": 13200,
      "fecha": "2024-11-28T17:05:33.352Z",
      "tipoPago": "Transferencia QR",
      "id_Usuario": "1"
    },
    {
      "id": "5845",
      "items": [
        {
          "id": "44bf",
          "nombre": "Bimbo Artesano",
          "precio": 1500,
          "cantidad": 1
        },
        {
          "id": "13c5",
          "nombre": "cerveza",
          "precio": 1200,
          "cantidad": 1
        },
        {
          "id": "a87f",
          "nombre": "Coca Cola 1L",
          "precio": 2500,
          "cantidad": 3
        }
      ],
      "total": 10200,
      "fecha": "2024-11-28T17:14:54.816Z",
      "tipoPago": "Efectivo",
      "id_Usuario": "1"
    },
    {
      "id": "9d7e",
      "items": [
        {
          "id": "d321",
          "nombre": "Galletas Oreo",
          "precio": 1100,
          "cantidad": 1
        },
        {
          "id": "fe8c",
          "nombre": "Aceite de Girasol",
          "precio": 3000,
          "cantidad": 1
        },
        {
          "id": "12b7",
          "nombre": "Queso Cheddar",
          "precio": 2000,
          "cantidad": 1
        },
        {
          "id": "8c2f",
          "nombre": "Pollo Congelado",
          "precio": 6000,
          "cantidad": 1
        }
      ],
      "total": 12100,
      "fecha": "2024-11-28T17:38:51.192Z",
      "tipoPago": "Transferencia QR",
      "id_Usuario": "1"
    }
  ],
  "proveedores": [
    {
      "id": "3145",
      "nombre": "coca ",
      "email": "cocaCompany@hotmail.com",
      "telefono": "223 444 5555",
      "detalle": "cocasss",
      "id_Usuario": "1"
    }
  ]
}