{
  "usuarios": [
    {
      "id": "1",
      "nombreMercado": "mercado1",
      "cuit": "201234567892",
      "email": "mercado@hotmail.com",
      "password": "123"
    },
    {
      "id": "2",
      "nombreMercado": "mercalito",
      "cuit": "2012322233342",
      "email": "mercalito@hotmail.com",
      "password": "1233"
    }
  ],
  "productos": [
    {
      "id": "1",
      "nombre": "fernet",
      "categoria": "alcohol",
      "precio": 10000,
      "stock": 6,
      "id_Usuario": "1"
    },
    {
      "id": "2",
      "nombre": "amanda",
      "categoria": "yerba",
      "precio": 2000,
      "stock": 17,
      "id_Usuario": "1"
    },
    {
      "id": "3",
      "nombre": "fernet branca",
      "categoria": "alcohol",
      "precio": 10000,
      "stock": 1,
      "id_Usuario": "2"
    },
    {
      "id": "4",
      "nombre": "tody",
      "categoria": "galletitas",
      "precio": 1500,
      "stock": 20,
      "id_Usuario": "2"
    },
    {
      "id": "1",
      "nombre": "bimbo 330g",
      "categoria": "galletitas",
      "precio": 10000,
      "stock": 10,
      "id_Usuario": "2"
    }
  ],
  "ventas": [
    {
      "id": "b5b8",
      "items": [
        {
          "id": "1",
          "nombre": "fernet",
          "precio": 10000,
          "cantidad": 3
        },
        {
          "id": "2",
          "nombre": "amanda",
          "precio": 2000,
          "cantidad": 1
        }
      ],
      "total": 32000,
      "fecha": "2024-11-23T22:32:18.455Z",
      "tipoPago": "Tarjeta",
      "id_Usuario": "1"
    },
    {
      "id": "43de",
      "items": [
        {
          "id": "1",
          "nombre": "fernet",
          "precio": 10000,
          "cantidad": 1
        },
        {
          "id": "2",
          "nombre": "amanda",
          "precio": 2000,
          "cantidad": 2
        }
      ],
      "total": 14000,
      "fecha": "2024-11-24T00:05:18.651Z",
      "tipoPago": "Transferencia QR",
      "id_Usuario": "1"
    }
  ],
  "proveedores": [
    {
      "id": "266a",
      "nombre": "coca cola",
      "email": "theCocaColaCompany@hotmail.com",
      "telefono": "2235942151",
      "detalle": "bebida marca coca",
      "id_Usuario": "1"
    }
  ]
}