{
  "hash": "fe7f43e2",
  "configHash": "e35e47f9",
  "lockfileHash": "a523ada3",
  "browserHash": "d7c5c289",
  "optimized": {
    "@angular/common": {
      "src": "../../../../../../node_modules/@angular/common/fesm2022/common.mjs",
      "file": "@angular_common.js",
      "fileHash": "5a4fccc1",
      "needsInterop": false
    },
    "@angular/common/http": {
      "src": "../../../../../../node_modules/@angular/common/fesm2022/http.mjs",
      "file": "@angular_common_http.js",
      "fileHash": "d70f9a8f",
      "needsInterop": false
    },
    "@angular/core": {
      "src": "../../../../../../node_modules/@angular/core/fesm2022/core.mjs",
      "file": "@angular_core.js",
      "fileHash": "970f40ca",
      "needsInterop": false
    },
    "@angular/forms": {
      "src": "../../../../../../node_modules/@angular/forms/fesm2022/forms.mjs",
      "file": "@angular_forms.js",
      "fileHash": "803edd2c",
      "needsInterop": false
    },
    "@angular/platform-browser": {
      "src": "../../../../../../node_modules/@angular/platform-browser/fesm2022/platform-browser.mjs",
      "file": "@angular_platform-browser.js",
      "fileHash": "5f44c5da",
      "needsInterop": false
    },
    "@angular/router": {
      "src": "../../../../../../node_modules/@angular/router/fesm2022/router.mjs",
      "file": "@angular_router.js",
      "fileHash": "76c599d4",
      "needsInterop": false
    },
    "jspdf": {
      "src": "../../../../../../node_modules/jspdf/dist/jspdf.es.min.js",
      "file": "jspdf.js",
      "fileHash": "2158d002",
      "needsInterop": false
    },
    "jspdf-autotable": {
      "src": "../../../../../../node_modules/jspdf-autotable/dist/jspdf.plugin.autotable.js",
      "file": "jspdf-autotable.js",
      "fileHash": "3eb45317",
      "needsInterop": true
    },
    "rxjs": {
      "src": "../../../../../../node_modules/rxjs/dist/esm5/index.js",
      "file": "rxjs.js",
      "fileHash": "fbba1da2",
      "needsInterop": false
    },
    "rxjs/operators": {
      "src": "../../../../../../node_modules/rxjs/dist/esm5/operators/index.js",
      "file": "rxjs_operators.js",
      "fileHash": "ace8d5ed",
      "needsInterop": false
    }
  },
  "chunks": {
    "html2canvas.esm-X2LUDEIK": {
      "file": "html2canvas__esm-X2LUDEIK.js"
    },
    "purify.es-RSURHP5S": {
      "file": "purify__es-RSURHP5S.js"
    },
    "index.es-SH67YRCN": {
      "file": "index__es-SH67YRCN.js"
    },
    "chunk-6IJBOPUA": {
      "file": "chunk-6IJBOPUA.js"
    },
    "chunk-PNGFZJMY": {
      "file": "chunk-PNGFZJMY.js"
    },
    "chunk-UHNQN4AI": {
      "file": "chunk-UHNQN4AI.js"
    },
    "chunk-FLXXNBXI": {
      "file": "chunk-FLXXNBXI.js"
    },
    "chunk-OHPQ5K7J": {
      "file": "chunk-OHPQ5K7J.js"
    },
    "chunk-32A62E5E": {
      "file": "chunk-32A62E5E.js"
    },
    "chunk-5OPE3T2R": {
      "file": "chunk-5OPE3T2R.js"
    },
    "chunk-4N4GOYJH": {
      "file": "chunk-4N4GOYJH.js"
    },
    "chunk-FHTVLBLO": {
      "file": "chunk-FHTVLBLO.js"
    },
    "chunk-S35DAJRX": {
      "file": "chunk-S35DAJRX.js"
    }
  }
}